GHI,Gen
0,0.013499997
1.566578507,0.111462508
14.72459602,1.429012545
33.79681778,6.15599051
81.7150116,14.1206959
125.6143494,22.48175248
172.4510498,32.20444985
223.1160126,52.29968335
272.7028809,72.27763929
318.0284424,85.85098572
360.1615295,97.77879316
401.813446,106.8334142
446.6434937,116.7065681
483.4429321,124.9834906
522.994812,131.9664087
551.4761353,138.1946776
580.4689941,143.5303371
610.8887329,147.3304045
628.3916626,149.9793844
643.9046631,151.4944229
655.7619019,153.1595875
660.7871704,153.2959056
662.1911621,153.3124607
657.3893433,152.5818721
649.3469849,151.7002959
639.6334839,150.7157056
623.3833008,148.5270565
596.0791626,146.2745958
571.3912964,142.4328984
541.5391846,136.9510441
510.962677,129.5447613
465.4960938,121.0414576
431.6625977,113.3565215
392.7999878,105.7405596
355.8384399,95.07901596
307.4940186,82.56392959
252.6625824,67.51021166
204.5451508,47.04806869
154.240509,29.47407694
110.8339081,20.5285248
68.59654999,13.05560478
35.3156929,5.936996814
10.66517639,1.683249489
0,0.21292501
0,0.020899999
0,0.025937467
0,0.027596291
1.121271849,0.195175027
11.34774017,0.728887513
31.30030632,3.822641575
59.89336395,8.935187864
108.4118195,17.28198987
200.5178833,35.49625288
134.0795593,23.44805955
194.8631592,34.27382013
249.2009277,50.30347081
188.1902008,28.92230375
376.3495789,70.42933661
393.1188354,89.50296883
392.5591125,81.76654515
455.0023499,101.5059416
515.9962158,113.6966132
299.1831665,69.40563004
716.0414429,146.4792764
462.9541931,88.02027838
298.6505432,55.69805783
318.9960632,58.77942354
445.5700378,76.20998936
636.6123657,80.94872623
659.2576904,116.0748095
609.203064,140.0950871
635.319397,137.096647
626.6275024,77.62381764
547.3483887,106.355815
482.039978,118.4546941
292.5794067,72.86499065
278.7007141,61.20121993
250.4857788,47.68903672
256.8840942,46.42990313
406.544281,71.90796295
274.822998,51.76422942
235.1175995,55.0360307
209.8327026,46.61624573
188.5017548,39.40752118
119.3592224,22.22039598
69.71149445,12.4069998
67.1149292,11.93890696
16.96722412,2.041866916
5.498968124,0.170823804
0.075218394,0.125275039
0,0.00852284
0,0.007737465
0,0.017987478
0,0.023499971
0,0.023270379
0.133281723,0.002289797
8.32130909,0.245585744
22.97833633,2.236048835
41.18100739,5.482652053
67.41242981,10.04746289
94.82733917,15.49136706
123.7746353,21.70503248
157.3702545,28.53575778
186.8970032,34.39284541
188.2597656,39.90076198
273.5560303,49.72814323
318.8504944,63.89624139
360.3146057,73.56157878
385.8825073,80.41687495
421.9156494,86.88117672
440.825592,91.98594562
468.6940002,100.4090079
494.1002808,105.0654664
519.9248047,110.6374164
530.6645508,112.9807617
545.0551758,115.5154176
559.6043091,119.7544625
555.1140747,119.9141391
536.9675293,116.80329
531.4021606,116.3171967
523.3604126,115.0340815
501.1694641,109.7250331
478.6265869,104.8332636
441.6903687,99.43214272
413.1560059,90.742879
379.4862061,82.78193089
343.8172913,74.30076965
304.7826233,64.30016169
259.3539124,54.51351922
221.8050232,46.42619868
182.681488,37.89166267
150.0362549,29.68877796
116.7001343,20.84954728
83.01708984,14.00921518
51.64804459,8.441223952
25.67718506,3.828891019
7.620811462,1.107600272
0,0.177725012
0,0.035562471
0,0.198792192
13.94806671,1.296137552
32.57748413,6.825440947
93.12807465,15.89329316
143.5936127,25.15624376
189.5400543,40.18663897
236.284317,59.99393197
281.7949219,74.86272775
313.4186096,47.76257216
374.5401001,62.29823688
429.7045288,106.1268198
452.9721069,121.8031737
515.4188843,133.3333935
563.0460205,143.0852819
592.9586182,146.8209988
624.0619507,151.4148461
649.3045044,153.2765561
671.5330811,155.2197987
690.0111694,157.7462169
706.8030396,158.6931129
718.2775879,159.5767822
713.5306396,159.5770209
714.3540039,159.68904
715.4570313,159.5049229
706.6992798,158.2919614
690.987854,156.500238
666.3632813,154.815454
644.875061,152.9668232
623.8025513,149.4603669
596.1123657,144.5863308
532.9103394,134.8668282
476.6947327,126.1049871
436.2009583,116.6880769
396.4568176,106.1571825
340.8871765,94.97298799
298.3809204,86.1146924
253.4474792,74.44978757
210.781311,55.67899763
155.8604431,33.08903238
108.3746719,21.51756908
65.49790192,13.26391239
27.89414978,5.260433454
5.177760124,1.200050051
0,0.199719469
0,0.01776248
0,0.02271247
0,0.026112479
0.102737308,0.173525018
12.76997471,0.681475298
37.29761124,2.780287496
52.1380043,6.018542713
67.13150024,9.808730678
99.29159546,14.06324669
123.6689148,19.95896028
211.2924957,29.45984749
322.9510803,56.64968931
367.6588135,97.10082976
408.4962769,111.0667162
482.9784546,124.4138243
515.3727417,132.3885688
557.8406372,142.6571597
597.609375,148.8016017
631.6798706,152.956447
658.9552612,155.9934883
679.5626221,158.7007141
695.1089478,160.4947918
713.8446655,161.3895263
725.333374,162.8605427
718.8899536,163.5114789
726.3977051,163.3832303
727.0629272,162.7986386
715.6117554,162.357219
698.9293823,160.9268442
686.2507935,159.1085692
672.3179321,157.3746985
644.6029663,152.8616008
604.6486206,150.3301626
567.5661621,145.128576
529.847168,139.9008654
488.0256348,131.7393115
436.2958984,122.7142628
384.5877075,113.2047651
344.1763611,102.5823156
290.4692078,88.97258946
232.7700653,66.75333095
185.5437927,39.1914338
132.1090393,25.3645995
79.09965515,16.85354336
37.73984146,7.112364939
7.221844673,1.530577977
0,0.182687799
0,0.014179175
0,0.015674992
0,0.029337516
1.835592866,0.115849974
13.08817291,1.285128387
28.86194038,7.219111312
100.1583557,16.76615757
148.5378113,26.45072551
202.2845001,46.73228487
257.9380188,73.57995701
307.936554,89.83224681
362.7070923,103.3039044
411.0645752,114.4026642
457.5339661,125.3463139
500.8357544,134.0852527
540.4851074,141.1212283
577.8416138,146.3005124
610.1953735,150.1848132
636.3397217,152.6936944
663.6868896,155.0632457
679.8621216,156.8109364
697.7636108,158.5341879
710.6480713,159.5221429
717.9653931,160.2064673
721.2070923,160.2565151
719.616272,159.8622407
712.0395508,159.31555
702.949646,158.4445891
690.0308228,156.9639988
666.5432739,154.8659884
645.9194946,151.8671005
618.1142578,148.7829625
583.6749878,145.1503743
552.6771851,140.6732147
513.8491211,133.4525034
472.710083,125.1422006
428.3101196,116.1730464
374.4867249,105.7695677
321.0518188,94.31796083
269.4940186,80.71631846
220.6284943,63.36558745
169.3290405,36.84407481
121.0046234,23.68939169
74.91851044,15.73603802
35.25064087,7.016965747
7.391406059,1.554607801
0,0.223479693
0,0.005762521
0,0.021312491
0,0.029888953
0,0.016149988
1.358549953,0.020637485
6.041224957,0.086900013
10.70278549,0.548746106
15.46871281,1.472387506
22.35965919,2.314087462
32.57748413,3.226507206
40.60298157,4.739512569
53.82057571,6.580674919
60.99147415,7.966200061
68.08848572,8.985242361
68.28775024,10.7728699
80.20275879,11.40152416
91.78697205,12.91338796
93.19163513,13.31069752
94.18968964,14.96076329
103.5115662,16.9261166
122.5584869,20.10002521
108.0177231,21.57744245
130.9333954,23.70811168
129.343811,22.96170159
123.4888153,22.7661628
132.5362396,27.43933841
178.7973175,30.34364339
152.1807861,32.47536562
177.5708466,33.20759529
229.2893524,42.93405285
243.1296387,34.34947748
286.5739441,50.99413785
290.9579468,54.90761213
311.7391663,56.67399009
348.909729,57.89233424
311.4952698,58.6501746
308.9398193,71.77900511
277.9240723,70.0749027
243.2619476,55.3563327
201.8439484,50.00610397
154.1479797,36.58092947
116.1530457,26.22826283
80.97194672,17.57998087
51.23822403,10.4015982
25.39448357,4.820099085
6.360902786,1.144161467
0,0.231930858
0,0.061199197
2.262953281,0.035064406
7.988985538,0.152044337
11.04892349,0.923337929
16.89332581,1.804062152
21.8769989,3.091025087
27.23668098,4.498800891
48.88403702,6.582173764
62.91029358,9.5349738
67.5599823,13.25907229
104.1748428,18.48512674
124.503212,23.49659072
164.3134003,33.68992719
358.2850037,54.00496721
361.3541565,74.23327353
565.5449829,132.1911897
611.0244751,160.1049311
637.6314087,166.9531736
653.7444458,170.3402821
669.2114868,172.2660993
679.3566895,173.6471962
682.1668091,174.0343468
684.3647461,174.1999158
673.126709,173.984172
663.8470459,173.9802844
660.2197266,172.2770269
635.1164551,170.306315
639.1515503,167.5748978
597.007019,162.9438114
558.7998047,156.5288109
517.6609497,147.7821095
484.4773254,137.9789492
431.1523438,127.0004179
400.7491455,115.3372238
352.8325195,103.7419508
301.7424622,89.03620589
250.4915466,75.85646697
199.7483978,58.35445248
151.5309601,37.77552245
103.2414474,23.20476246
61.08203125,13.62564981
26.40317917,6.340338555
7.401634216,1.771391294
0,0.121965593
0,0.073479814
0,0.096459999
0,0.096537479
1.292363882,0.098009738
14.69529819,1.509821841
35.86378479,6.401476548
78.37955475,14.55422104
117.9607391,25.41300998
163.3506012,41.69752133
222.8798828,63.69467845
275.8644409,79.64653658
319.4453735,93.79981592
366.0624695,80.75469626
414.011261,120.8478917
462.8069458,133.5289351
508.9536438,145.5401901
546.364502,154.3117265
588.0356445,161.4710267
610.9373779,166.0657403
642.4151001,169.8577136
674.3998413,172.3776946
671.9916992,174.0632927
708.7547607,174.8160542
699.3563232,175.711617
706.0824585,176.5586366
708.9463501,175.7981475
716.0516357,175.1058122
693.6122437,173.0925483
685.901062,172.3518295
646.875,170.3937859
636.3189697,168.7313519
608.6623535,166.6173786
581.0560303,165.4232563
542.3790894,156.0629283
509.0775452,150.8213291
472.2258301,139.2565941
430.1478882,129.6549205
371.8045654,119.8121937
330.42099,108.9178714
288.5762634,95.73347143
232.7420349,78.96874213
181.7139587,49.37075689
129.9056091,29.2653676
79.84725189,18.97075162
37.58280945,9.207374914
9.585066795,2.352493796
0,0.063873942
0,0.109447092
0,0.108475757
0,0.114856155
0.631155908,0.033009342
13.66965103,1.93473758
32.45080185,8.45773764
92.50378418,18.3730374
140.2715302,29.540463
193.0183105,52.99879613
245.8828888,78.23924487
301.5933228,95.47538266
351.9313354,110.5965477
402.8802795,122.9960589
451.9833984,134.5274447
494.2874756,143.6692794
534.5418091,153.0392993
576.2164917,159.9871713
611.0936279,165.029891
639.5563965,168.578817
668.9112549,171.5514301
694.967041,174.0839161
719.6262207,176.2526476
731.0817261,177.79898
755.0342407,178.090665
748.201355,179.2186218
751.7666016,180.0386377
751.5130005,179.6424462
738.0983276,178.4791614
719.0808105,176.7705564
704.3695068,175.3855791
683.0915527,172.8104235
655.2783813,170.3474567
617.5930176,166.5274288
577.5031128,162.3886944
539.6674805,155.8901817
495.5941162,147.7672
451.6405334,136.9748357
398.2952881,125.8112982
348.4753418,114.0771861
302.2146606,101.3710935
249.1856384,83.84049727
195.6804504,55.4458252
146.7145386,32.69741104
94.01004028,21.8137007
46.9719162,12.33436767
12.19997787,2.648895175
0,0.047302453
0,0.098915119
0,0.118660864
1.021386623,0.15827813
15.09118652,1.881247773
32.23904037,7.821215143
86.23668671,17.41206468
135.2447357,28.60296862
185.4751587,50.01775658
237.8847046,74.1613125
289.3743896,90.06122257
342.1539612,105.0612117
390.5332031,117.6406938
442.5560303,130.7353227
489.4778442,142.0455556
534.3058472,152.9680833
570.8171997,161.4510961
607.4782104,166.584475
638.4036255,170.7089799
667.8861694,173.9458265
689.5111694,176.3817141
702.864502,178.0355568
716.1143799,178.9793148
713.6959229,178.2611546
719.2293091,178.7228957
720.3479004,178.9546284
713.1491699,179.66517
711.7210083,179.6048908
691.147522,177.3849904
680.4990234,175.8335314
651.4102783,172.0658501
624.4491577,168.0765743
585.4556274,164.6615889
559.8308105,157.6279642
509.9082642,148.2317898
467.1703796,112.6207318
415.9308777,125.3783157
367.5722351,113.2958929
319.8540039,101.0584314
270.0366516,88.56579724
219.8040009,71.73159701
176.189209,50.51147397
128.7291718,28.502438
80.46784973,17.21037218
41.16425705,9.333884707
14.01767349,2.905593869
0,0.091512897
0,0.119856407
0,0.134141411
1.207189441,0.008699524
14.40611458,1.413770818
36.31010818,5.330820961
73.89404297,14.76150576
113.7253342,24.59200861
159.5576782,39.67968524
195.4213715,51.43731203
239.7091675,65.05654848
290.5409546,79.52993536
337.2224426,92.36967969
384.7800598,104.6068994
423.2246094,113.4764788
448.929657,118.8954474
474.0215759,122.6974951
498.9818115,128.5416302
512.6800537,131.7418625
535.4623413,135.8952767
564.2805176,141.885134
564.7957764,148.0889258
586.8356934,149.6386073
594.5859375,152.1515685
605.9277344,152.7510484
615.0202637,151.9198049
595.2435303,150.2942497
573.2146606,146.804443
573.8900146,145.9277052
574.1496582,148.0990721
567.5998535,148.5266942
540.8111572,139.9896686
512.9143066,138.5349426
462.9912109,125.0729096
431.799408,112.6088303
367.8939819,103.3727031
348.4397888,99.76934369
326.9645996,86.73930257
266.2177124,75.52329602
223.3242188,62.74266905
177.9556122,49.51918656
143.4469299,36.3923764
103.795517,23.70279468
69.09959412,15.05721699
35.46999359,7.177976645
11.49685001,2.398289166
0,0.14997218
0,0.011594772
0,0.101598274
2.280304909,0.046496585
17.36543846,2.077208417
43.44755936,7.65995919
80.7665329,16.48005828
132.6549225,27.92157269
180.3713074,46.20944845
238.7141571,66.32241602
288.5710144,82.50969097
336.353302,97.20464876
390.5107727,111.4359092
437.4899902,123.3293883
492.987793,136.6197048
534.848938,147.8266776
579.0526123,155.5757725
620.0201416,163.0337313
652.4506226,167.4926239
662.5400391,170.5930789
714.2332153,173.7528113
726.6270142,176.4802604
713.2474365,176.6394788
728.5011597,176.8697883
737.0203857,179.2652582
724.1696777,178.6647357
754.7532959,177.3067943
729.1154785,178.7164211
713.8439941,176.3640958
698.565979,174.8944839
684.1132813,171.8713259
648.0098267,170.3260093
605.9015503,165.3258154
590.7503662,161.058571
544.3623657,152.0406936
479.1212158,142.4901633
457.5390625,133.3385167
404.5724792,121.6712768
350.5700989,106.3859471
287.4134521,93.43006628
239.3495483,76.83523615
188.5626373,53.74585076
131.1458893,31.63607864
82.21450043,19.47858146
43.89794159,10.09037847
15.45485783,3.361102895
0,0.049060793
0,0.114037492
0,0.110162464
1.615858197,0.05144998
17.89996529,2.305039334
41.75280762,8.863490553
88.61870575,18.96425441
147.2325287,31.27671414
201.1385193,54.77508162
251.6423035,73.7305167
303.1655579,90.45942286
356.3022461,105.8604339
406.2554016,119.9672876
456.3231812,132.0485958
501.2145386,141.92369
542.3760986,150.8200654
579.1278076,159.4696606
615.0930176,164.8251374
644.1981201,168.5881845
666.6821899,171.9879082
692.3417969,173.3571532
703.6140137,174.9031665
726.7127686,176.5515426
735.9684448,177.1434131
741.7151489,178.3591621
740.7150879,179.8319917
756.6589355,180.1685961
742.6589966,179.8856179
740.4206543,176.9684936
704.1099854,176.0598652
690.7519531,173.2813227
679.6972656,171.1643753
639.987793,168.1857328
578.9703369,161.6633705
564.2456055,154.8793617
507.0741577,145.6391966
465.436676,137.2426385
405.5406494,124.9272655
361.3491821,111.8058342
303.6195374,96.72647977
253.508194,81.3052506
198.090332,59.36615827
143.0660095,34.10572936
91.36660767,20.99888029
45.77890015,10.76944778
15.05332661,3.507036141
0,0.04197038
0,0.132129654
0,0.134076452
2.770915985,0.026247761
20.11894226,2.42524007
43.57520676,9.337993234
92.67850494,19.51144321
156.7208405,34.55227739
211.51474,60.95283879
264.3374634,81.18185829
320.2885742,98.30199254
377.2024536,112.785136
426.1601868,125.8789322
475.379364,137.333578
521.6826782,147.7000321
563.7073975,155.537979
603.5999146,162.3673196
637.7867432,167.2022283
663.9379272,170.0741671
684.4744263,172.5913895
698.2637329,174.4885128
726.0708618,176.7662779
747.9100952,178.0273143
749.5344238,179.2289133
747.6518555,179.4491785
759.2462158,180.3603446
750.6360474,180.7249696
730.7515869,179.449103
740.9993896,177.8413294
717.6437988,176.1281007
692.0488281,173.6459462
660.4550781,171.1584591
624.8471069,167.9199405
597.7419434,163.9809872
577.7424927,157.9176576
532.9318237,150.4245313
461.5699463,140.8311768
426.5866699,129.8466775
373.4606628,117.6318532
328.9958801,99.09179578
275.7150574,86.48518816
207.4605713,64.47708024
145.5119781,37.62279859
98.02432251,23.11371063
53.21606445,12.83765231
17.67705917,4.128480881
0,0.219296015
0,0.109081651
0,0.124074981
2.820265532,0.050149996
20.49019623,2.390951087
40.47382736,9.641344879
92.41481018,19.87360819
156.2959137,34.60672278
208.925766,60.35904191
264.0086365,81.35377971
317.1870728,96.75729964
370.6321106,111.1076822
419.8692627,123.3080929
471.6114502,135.0884498
515.5178833,145.2881287
555.7966309,154.1882912
596.8436279,161.5920477
633.2339478,166.4955138
660.9619141,169.3402426
684.6950073,171.6681198
705.5545044,173.6873784
720.519043,175.7202789
730.5042114,176.7486727
737.7965698,178.2616612
751.401062,178.1459848
756.2893677,179.5092205
744.402832,179.8189098
741.2844238,179.5232081
731.8519287,176.3437776
720.241333,175.4384595
699.1920776,174.1676708
663.0928955,170.26963
630.4661255,167.6894933
606.4692383,162.6655655
559.8717041,154.8759763
507.8930664,144.2818046
466.4385376,135.3407842
410.2599487,124.0874289
366.6388855,112.8080087
311.7208252,99.51553562
260.3322144,84.46848723
206.2164154,65.6156535
153.4654388,39.72224754
102.4088287,24.26046167
54.64705658,13.16639034
19.80281258,4.548958735
0,0.03695273
0,0.096898865
0,0.102762494
2.846529484,0.087614544
19.61737061,2.584531868
42.35191727,9.734713734
96.57646179,19.82967902
155.7376099,35.93710138
209.4560547,60.03163188
265.4041748,79.98486347
318.328186,96.40887111
371.9038391,110.331582
422.9728394,122.6352324
469.8615417,134.3563597
515.3861694,144.6612395
555.8317871,152.9136811
591.5122681,160.1917117
625.0397339,164.9682333
653.8673706,168.0931155
682.3549805,170.6970038
699.878479,172.9642763
709.4859619,174.788368
720.4735107,175.4702352
737.3876343,176.6101341
740.8532104,177.4845694
742.1486816,178.5113555
733.1324463,178.7568935
743.692627,180.2669532
727.3092041,177.6135163
704.2356567,172.7008711
689.0639038,166.8067455
656.8596191,169.2568047
636.8619385,145.9645551
588.6343384,155.5116173
557.8121948,148.2097667
509.1583252,141.029773
463.1790771,126.0898893
420.1451721,94.68441834
370.9230347,88.21932825
315.6502075,89.39860058
259.8882751,84.91940042
209.3023224,66.34576722
154.223053,40.35964469
105.6915054,23.29104417
59.98452759,6.133514778
22.38108253,4.868958397
0.15085353,0.38354266
0,0.029833359
0,1.044808072
0,6.496033215
4.006369114,14.01893116
20.38814354,25.12889163
37.54103851,38.60263881
112.3525391,21.3226491
166.5414429,39.7053996
218.638504,71.5044163
274.3280945,86.20800349
329.4666748,102.0319385
384.2906189,116.1844554
434.1203003,128.3125115
484.6281738,138.6404741
530.9020386,147.8030988
571.3823242,156.3925443
612.0112305,162.0816376
647.2376709,167.0623573
668.2246704,170.2027414
703.006897,172.5592158
719.5471191,174.5346779
738.1090088,176.4587541
757.7697144,177.8181148
763.0441895,178.7297778
768.8409424,178.9832411
770.3970337,178.7810737
764.9354858,178.9269258
757.7912598,178.430015
748.6118164,177.1917517
724.0602417,175.7154208
706.2321777,173.7031291
681.4272461,170.9372156
649.8751221,167.8198278
621.2869873,164.1436347
578.0106201,158.5437022
539.6514893,150.9252103
490.2664185,141.4617466
441.7984009,131.5859101
390.4779663,120.2264749
338.5012512,107.6846417
287.0214233,92.82895909
228.2903137,74.80469064
168.3952942,47.07472132
110.7524185,25.32231004
62.60205841,15.16931493
20.75914574,5.06864322
0.134773448,0.341517627
0,0.001162471
0,0.102199993
4.492973804,0.269151619
20.58984375,3.231382792
44.61447144,11.81951564
119.0844269,24.4027115
144.7470093,44.73190083
263.9295044,66.44467031
276.0491638,73.38577126
301.5804443,95.28471462
320.5151978,120.0127042
461.6223145,133.2609542
495.0151367,128.9569764
555.6030273,145.8220646
606.3550415,150.3369886
645.9369507,156.187676
684.0803833,165.1652477
716.8778076,173.4915163
743.338623,174.539
712.78302,174.9043059
777.2583008,177.9758717
786.0192261,179.297959
786.8175049,179.1146734
804.2773438,180.8486541
795.390625,182.2317826
763.3863525,181.3803966
785.2902832,180.5653737
772.008728,180.0862506
751.7736206,178.0138358
731.6155396,176.2598657
701.8482666,173.8424327
670.5739746,170.7417029
630.7047729,166.4386377
600.6539307,161.4341203
544.1355591,154.8413737
503.1353149,145.3363784
452.1003113,134.2649071
402.000061,123.4830254
347.3186035,110.0365414
290.0302734,71.40529715
238.667099,79.03746316
179.5991364,52.4056377
125.319458,27.66056034
72.67857361,16.80402169
27.10934258,6.182456526
0,0.77084644
0,0.008575164
4.668951511,0.153907629
22.01730728,3.291652039
54.66373825,11.84659091
115.986763,22.00350254
167.9611206,43.56752498
222.1746216,68.3207115
281.118866,85.75280411
334.7444153,101.587563
387.4009094,115.2489885
442.6721497,128.1034176
488.490509,139.402423
534.4068604,149.232053
577.666626,158.0960668
615.9628906,163.8017922
648.1640625,167.8105667
679.7493896,171.1646
708.3499756,174.0714637
728.7870483,176.329987
747.7770996,178.1335099
759.2926025,179.3367694
765.0869751,180.2292024
773.789856,180.8572155
769.0736694,180.4809737
765.3936157,179.7648537
754.8007813,178.5969283
747.0732422,177.1798939
727.578125,175.3476553
701.6081543,173.2861898
672.6130981,170.5354788
640.2911987,166.9986526
609.2938232,163.3842941
571.7862549,156.650237
530.8825684,151.2063279
485.5319824,145.3720144
438.3345032,138.4546431
386.4777832,131.2065982
332.9348755,123.1417797
277.6503296,113.636766
227.4751129,103.3920711
170.7346954,90.25122021
116.2834167,73.58743719
0,0.097807319
0,0.101175003
0,0.116274987
0,0.103137498
0.219007239,0.122200001
8.263414383,-0.095187544
24.08136177,1.317962519
39.09386826,5.742312625
36.94176102,6.610212655
55.43138123,10.31346295
238.2545624,24.8878008
271.2200012,76.52090578
308.2276611,90.66226264
366.4090576,103.2483169
354.5480957,110.3539063
403.6516418,115.2812408
397.6986694,110.4933897
228.79039,85.62665273
463.1520081,98.52535224
460.5705566,89.72577543
368.3848572,90.08007785
529.5636597,121.0559509
450.7198486,143.6531335
395.361145,65.59807729
307.2574158,61.62996495
408.9614258,75.58666543
388.4475403,96.4275644
267.5634155,46.9766762
276.1949463,61.84746297
304.3033142,59.00000089
244.7133942,51.81853848
262.6679077,49.3921265
297.0158691,53.96802756
274.8406372,58.60583922
244.155777,50.37778882
185.8661652,42.69760166
170.1359558,32.72462507
155.2796936,32.29568856
116.4855957,24.85041338
101.8930435,19.65227493
85.30417633,16.06850028
64.099823,11.51854989
38.35305405,7.201137741
23.36493492,4.259837633
11.24541473,2.485937607
1.441026211,0.168512492
0,0.065599978
0,0.006149989
0,0.098387487
0,0.107124984
0.228462353,0.110974996
4.348415852,0.046062525
7.129912376,0.051299995
14.27704906,0.803350042
25.91577148,2.698662646
43.42831421,5.742925327
89.71378326,12.65261296
132.5071106,22.64052579
159.7876282,28.6498393
154.9458771,37.52411379
148.7571106,27.25073877
178.3151093,29.57407595
217.9169312,40.19056319
296.4144592,55.17950263
411.7565613,75.40226389
646.5915527,175.438091
692.0593262,149.6794904
727.4315796,99.8970566
419.9170227,97.30809154
816.9113159,145.6401622
433.7319031,151.2105168
656.6102905,119.9224528
643.7296143,163.9921648
346.7735596,159.5648817
662.1229248,140.3307428
549.1497803,153.7122133
611.4105225,143.6258428
546.3762817,148.6425492
507.2570496,141.2556275
473.1366882,133.8192054
435.217041,127.0774148
401.9117126,117.8245814
364.7118225,108.4918905
320.2482605,97.3470399
273.0104675,83.13407782
224.2557526,68.7100168
180.1802979,51.22640137
135.261673,32.75653743
95.4029541,22.54353893
60.00279617,14.53290049
28.52915382,7.297625255
7.298383713,2.345337612
0,0.098887483
0,0.101949994
0,0.091949993
3.318967342,0.154400062
18.86348915,1.56230008
38.4890213,6.502737637
89.68320465,15.3679004
136.0806732,24.79418776
187.0288696,38.38056521
245.636673,64.46025241
293.8599854,88.34096508
342.0963745,103.9463923
390.242981,118.0013553
432.141571,128.2828283
474.1295776,137.8405144
506.03479,145.5835538
537.7648315,152.5736654
561.9123535,158.4614154
596.289917,163.7720272
618.1134033,168.806947
637.7937012,172.9823734
659.1744995,176.8271347
669.6772461,179.820703
669.4370728,181.3012946
676.3515625,181.5122105
670.1698608,181.2987899
662.9447632,178.4692628
651.87146,178.0744452
633.9503174,175.42329
614.5407104,171.2969646
590.0471802,166.9433928
560.0385132,161.2556194
528.8283081,154.5748966
493.3245544,147.2303022
454.9146423,138.7757053
401.2735291,128.0301677
362.0403442,116.9978067
309.9865723,100.3874901
262.31427,86.49063993
212.1887665,64.20271589
164.2149353,40.51890182
115.1169891,27.09842548
70.76863098,18.085751
35.0013504,9.267113028
8.479885101,2.755437685
0,0.088075013
0,0.10141248
0,0.100924959
3.339156389,0.104124991
17.12717438,1.600212562
37.15213776,6.036725175
72.11859894,12.31066267
113.3094406,20.02842579
158.1938782,30.20681395
196.9122162,46.99903994
241.202179,63.00412706
286.8334656,76.82935111
339.3087769,91.42087716
377.5707397,103.857517
422.4686584,115.9555264
463.6251831,127.5612164
499.3684998,137.20383
528.5001831,147.8427962
554.7814941,152.9924525
578.6486206,157.6845557
587.4713135,159.9736009
612.6989136,164.3921165
610.9998779,165.7124588
646.4031372,167.2912958
633.1115723,166.3862023
621.3514404,164.5016674
597.0809937,161.3083254
587.9629517,158.7655688
576.8512573,155.0967145
560.416626,147.0805457
533.9437866,144.2845383
501.7780151,137.5349319
467.244812,128.5572293
429.1803589,117.3183036
355.3170471,105.9139758
332.8047791,94.49277549
288.3833923,83.45205274
244.8399658,69.40448976
205.862854,55.70490125
160.1693268,41.23973856
115.7254868,26.53231308
80.40451813,18.411588
51.87694168,11.903988
26.23406982,5.911112668
7.585181713,2.031637546
0,0.099374992
0,0.109062481
0,0.097987499
0,0.094412516
0,0.102524986
0,0.096600006
3.016653776,0.063937556
16.0136013,1.122700042
33.80982208,4.763125218
72.35865784,11.18608808
111.3720627,19.40150026
156.7202759,30.34785148
201.167923,48.77311267
246.1146088,65.95285141
282.3884583,78.27896127
327.1867981,90.37133984
374.6392822,105.2149631
417.1913452,116.4151398
445.6555786,122.605028
481.4452209,131.4549546
520.5085449,141.6183941
556.1239014,150.7292336
584.4539185,156.0569332
597.8895264,159.1759428
608.4851685,163.8303799
626.6159058,165.6620923
631.9287109,165.2926421
630.7286987,164.2170905
621.5616455,161.6062172
607.137207,158.3875144
585.1328125,159.5586187
551.045166,157.8059126
534.8668213,154.1358923
537.1123047,147.1737256
510.6484375,145.15053
492.8250122,138.196204
442.834198,126.2937813
404.5079346,113.7179054
362.6999207,105.0431779
311.5269165,95.62479066
267.9067688,78.34707556
213.594635,63.23701177
170.8864594,49.00287672
139.9466705,33.67350068
101.3055191,23.76275147
62.32780838,15.58000047
29.15926552,7.958987687
7.209089279,2.672950124
0,0.082474974
0,0.109374996
0,0.090374971
0,0.096812496
1.691578388,0.010787504
14.53426552,0.989825034
32.55768967,4.636687678
64.74866486,10.45105037
99.40177155,17.83473808
137.208847,26.60205138
182.8282166,40.88131488
226.2503204,57.76606494
273.7903748,73.50842608
320.5650024,87.23453825
360.8709717,98.63086702
395.2286377,108.6898928
422.6056213,118.7690675
466.6576843,127.8287831
495.5792236,135.4486923
530.600769,143.2262391
550.9945679,139.5149455
564.0247192,152.4744553
601.1003418,157.4666916
598.3335571,159.1396677
598.9434814,161.4209176
573.859314,160.9213402
539.1331787,148.6131028
587.0281372,162.9972179
583.7313843,160.33598
559.5631104,137.394016
555.5563965,114.0949955
511.6647949,145.2128801
468.5755005,138.5386269
470.5328674,133.2370691
430.1498413,114.5356401
398.3012085,116.1894651
368.3195496,105.2816389
327.0587769,92.64297773
271.4682922,79.03654047
223.0106812,66.61786496
183.5331726,48.97767685
138.7902374,31.98128884
100.6422119,22.5344011
62.61582947,14.66163807
32.49417496,7.463187619
8.681786537,2.462162613
0,0.006412484
0,0.075562488
0,0.081387489
1.916089773,-0.084325004
14.93283176,0.916775017
34.70438004,4.603662701
68.4397049,10.79097533
107.4752197,19.58295052
148.1978455,29.54556351
191.0758514,44.71510099
240.0983734,61.11556252
288.7172546,76.5437784
332.2369385,91.84541475
370.9085388,103.3568541
421.6490173,115.0748391
454.7116699,126.3796919
491.8214111,135.8083269
519.727478,143.4351812
536.3579102,149.8540002
560.9313354,155.469656
563.4197998,160.6408183
624.6848755,165.6767466
619.7045898,169.0463555
646.3952637,171.9286449
629.0518799,174.0140136
680.5622559,173.2667941
658.5489502,170.9501399
631.9804077,169.9143458
622.3552856,168.848821
644.2913818,161.5530822
580.9735107,161.103967
563.4055786,155.5418771
527.8272705,146.7523155
484.906189,138.9014097
437.6618042,129.3322189
384.8371277,117.1565124
345.6356812,104.5859786
286.3377991,89.92921583
235.5845795,71.64975262
186.1433105,51.75721346
139.9623718,33.36146339
94.5703125,22.39021308
59.69124603,14.21370023
30.52547264,7.339950161
8.27996254,2.683287598
0,0.124474982
0,0.084649989
0,0.093149986
2.148139715,-0.12320001
15.73947525,1.160912528
35.24659348,5.471175146
77.3272934,13.49766293
119.6735992,22.95056268
163.8011322,32.27660104
208.1400299,50.08727727
254.6037903,70.13841254
298.5801697,85.42860307
343.4004822,97.81122792
391.4663391,110.7656905
432.6365662,122.2008169
467.7974548,132.3667389
500.9625549,140.322454
532.7194214,148.5029786
558.6869507,154.4366815
584.3638916,159.3375036
599.9743652,162.6022608
616.8131104,165.990382
629.9786377,168.288021
633.1641235,170.86298
638.0499878,172.3738033
648.852356,130.6128031
634.6097412,173.9351025
641.0546265,131.6565132
638.8366699,173.1998912
616.0758057,168.0525554
588.4718628,164.3074421
559.137085,159.7084795
511.6672363,153.0401921
476.5647583,143.6040555
439.1133118,134.3016814
400.1983032,123.6174933
357.0871582,114.5206284
306.1081543,100.596453
265.8717651,86.79922753
216.8619995,63.70673769
167.1688232,40.25892622
119.6843643,27.86252584
75.96077728,19.18203779
37.9459343,10.4679627
10.04419994,3.15042511
0,0.060349958
0,0.110824988
0,0.081924991
0,0.079812484
1.787912011,-0.156687519
15.3949852,1.133012513
32.75545883,5.805387757
86.6431427,15.62816295
131.4567413,25.02201319
178.4445038,35.32640005
226.8595886,56.42465111
276.6228027,80.96697729
323.5482178,97.28942637
370.0284424,110.6622433
415.0810547,123.4657789
454.0428772,133.9930662
494.9687195,143.1451148
525.2424927,150.7004032
559.281311,158.52719
577.0681152,165.0198714
605.8630981,168.7062903
625.4354248,172.3066408
637.9375,173.9370967
653.052063,175.745797
656.5805664,178.7730915
672.7507324,180.4291282
661.4439087,181.4891223
662.5968628,181.4663206
636.9252319,180.2040538
635.2338867,177.1492189
612.8745728,173.8224294
592.192749,168.7208639
563.6253052,161.9373379
530.0442505,156.3127338
497.3106079,148.3518545
455.6648254,139.5675461
409.1504517,130.7030991
372.9047546,120.5577169
320.9875793,108.3256506
278.1342163,92.26548979
225.8135529,67.8161659
177.3066711,42.65475125
125.2069626,29.62481367
80.27518463,20.4124383
41.96130753,10.80253796
11.18576717,3.324000072
0,0.140637492
0,0.09633749
0,0.084999977
0,0.090799958
0,0.085287471
1.711812377,-0.193362544
12.77837372,0.913050047
31.26314163,5.248350023
80.35700226,14.17631269
125.9710312,24.13583856
170.0896149,34.15610104
219.9849701,52.40691412
269.4734497,76.67577643
316.9117737,94.73141428
364.199585,109.1562522
410.7874756,121.2276159
450.8819885,133.0704245
487.8934021,142.9823421
516.7297974,150.0416018
549.8226929,156.731742
575.3780518,162.6990842
594.2715454,167.339506
604.1598511,171.441583
637.5778198,174.6165589
637.644165,176.7662657
655.3026733,177.1989964
672.8085327,178.774384
643.9613037,179.3330867
659.9899902,180.0818065
640.9240723,180.7315132
647.2788696,176.9609568
611.8704834,172.8258702
607.2276001,167.7915023
551.5131836,164.7250204
529.3632813,157.5925066
491.1314697,148.82833
439.3853149,136.835921
399.3147583,127.4396299
360.3278198,117.0403662
317.3117676,104.3511285
267.793335,88.98729982
213.2194824,65.71572573
170.9753571,41.74967536
121.7623138,28.94256339
80.50349426,20.56423865
43.92015839,11.25735052
8.347263336,3.210775104
0,0.014974969
0,0.084862493
0,0.08855
0.965341449,0.169750006
12.33626175,0.860862516
29.46977234,4.96936272
88.52257538,15.72187532
133.2493286,25.76880085
182.9502106,36.21682627
233.9312134,57.29212553
283.5577087,84.59298895
330.6003418,102.7609414
374.7913513,114.5019946
417.8992615,126.2361521
462.0711975,136.4267144
500.6630554,145.8874035
532.5300903,154.0760717
560.3847656,160.1873087
578.8059692,164.7803879
607.2062378,168.0507555
611.2479248,172.4945541
623.8942261,175.0092893
653.0925293,177.5488438
641.4804077,178.3892587
653.4249268,178.163456
634.3786011,177.2634538
643.2392578,177.0724228
652.4439697,176.0583678
623.4779663,175.2012281
603.5292969,174.3156564
579.883728,171.0539856
531.0056763,155.5664368
515.3515015,157.7551925
397.5695496,127.1171041
434.9007568,138.3669704
365.4577637,126.7373541
304.6149292,108.4184774
286.7293091,98.33470246
211.8139038,71.74407465
242.6933594,66.65496316
194.8063049,40.67023829
112.6793518,27.37766308
59.25287628,11.02803789
27.41116714,7.615212616
8.449561119,3.089075083
0,0.045637474
0,0.049875
0,0.066087498
0,0.066774981
0,0.067062493
1.195576668,0.028349983
13.28990364,0.8179625
28.82590866,4.873012703
90.63420868,15.075563
137.2045135,25.08845038
189.5371704,35.87863888
237.7535248,57.82371552
286.754364,85.56625522
334.0188293,104.1315535
377.7819214,117.9650676
422.6099548,129.6228902
464.7598877,139.9394788
505.7660217,149.250462
538.3366699,156.9346296
565.6199951,160.9547514
593.0095825,169.7126917
643.8111572,174.7341789
643.9873657,178.8065923
652.5974731,181.8086007
666.1792603,181.7410474
678.0502319,182.9332183
677.3139648,184.0945919
689.715332,186.4374334
683.9360962,186.5047773
698.9747925,186.5857737
742.8925781,183.5124982
625.8883667,179.8746326
595.520874,172.4387423
572.7683105,164.9504643
536.3864136,158.4271906
497.7850647,151.8916312
467.1999817,143.7799774
422.6131287,134.1136442
379.813324,124.3632017
331.4454041,112.8995892
282.6806335,97.36805467
233.0835876,71.19538937
182.3769073,35.77590089
130.4513245,30.63923866
85.18976593,21.39072593
42.85865021,11.79972521
10.93635941,3.516962449
0,0.128862491
0,0.056462488
0,0.066787496
0,0.075949996
0,0.074524994
0.953172445,-0.161787517
13.88712502,0.637812536
14.64621162,1.83171256
26.4016571,2.843250078
57.5870285,7.402737541
195.6793976,37.09396279
209.1007996,42.76638805
260.9383545,66.48695295
429.1147461,80.34861359
475.6574402,84.45312503
244.2561035,68.49475038
228.6888123,47.83798911
288.6859741,56.27629042
206.1168976,50.66193889
158.6884308,33.52663808
157.247406,53.80102663
554.6217651,170.8615411
597.3546753,88.5685656
387.4721375,124.3408901
375.4993286,81.66120466
319.7391968,129.3041611
688.633728,174.2919659
338.1495972,152.3877694
583.4699097,176.3394055
633.6592407,163.4922434
608.7182617,170.156349
589.0664673,166.5715913
568.1210327,163.0944901
544.751709,158.9740828
506.7566833,151.6045075
483.1869812,144.9947137
451.4544373,133.1390018
394.1151123,126.3716169
354.9496765,112.992265
319.1937256,99.68825031
258.6641541,83.6574524
212.0886841,60.34323878
159.1962128,38.64586356
116.8729401,27.164889
74.41465759,17.9175508
38.78577042,9.808800322
12.62846565,3.371950179
0,0.20131249
0,0.030849981
0,0.075449982
0,0.069612495
0,0.056599983
0,0.068474989
0,0.069000004
0.00883131,0.013712489
11.14747334,0.458012496
28.770895,4.253175125
70.96261597,11.93863788
114.1282272,21.50821348
161.204895,32.18588914
208.6061707,48.02191387
254.7565918,71.22545
300.4777222,88.87885478
346.4938354,102.6579023
388.8641968,114.8139156
428.5389709,125.416504
464.1925354,133.9659031
498.077301,143.4548665
527.9219971,150.4587418
555.0120239,156.2435276
577.1619873,161.8497851
595.590271,165.3381971
616.0258179,169.4875728
631.8291626,172.6249289
642.2067871,174.6703004
637.0192871,175.5093574
647.8779907,176.5694755
640.3032837,177.8817655
615.7457275,175.7360935
604.8150635,172.1086266
583.1206665,168.4310559
572.8019409,164.8172419
529.6073608,158.8936715
515.8782959,153.5538716
484.2175293,144.861944
460.7336731,138.1011005
411.0205383,129.5935366
373.7245789,120.9460168
328.2500916,110.1212031
275.5751648,92.70918922
227.040802,67.8352388
179.0968018,43.55866358
129.7980957,30.64261231
82.80358124,21.22993849
44.65428925,11.93635026
12.87606716,4.105337501
0,0.092912485
0,0.002549988
0,0.070912493
9.496965408,0.185424988
27.88577843,3.508637568
65.30075836,10.01038802
104.0604172,18.94373794
145.5763092,28.16773889
187.2950745,40.47620099
231.3975983,58.01143802
278.9643555,75.11109007
326.2446289,87.74961227
364.5895996,100.7611028
408.4002686,113.8263914
442.4187927,122.5892632
482.9294128,131.2318743
518.7947998,140.4366176
550.3605957,146.7492507
564.3398438,152.8892839
597.4294434,159.7026563
610.526001,164.1388088
642.0401001,168.9300178
594.0234375,171.3513699
620.666626,173.7748425
610.3950806,170.0515921
634.4099731,171.3679826
613.8395386,170.4302107
601.4961548,162.6893815
588.4019165,159.3940412
546.862915,150.1902071
514.9099121,146.1860284
497.4031982,142.1157029
450.5872803,131.1101124
413.2358398,118.3152427
354.8545837,107.4113258
307.2204285,92.7409788
261.1288452,81.20805238
220.5014191,69.53351246
188.8506165,52.03510284
145.8286896,35.74183914
104.8753738,25.17592594
67.60946655,16.86797554
34.47336197,8.993125307
10.80835629,3.283662627
0,0.142137511
0,0.041649982
0,0.063537479
8.915533066,0.193050002
27.6849556,3.497287542
60.07506943,9.648650486
94.84046173,17.86521348
139.5418091,27.15673862
184.948288,39.76810197
227.6404572,57.95556312
275.0071716,74.67150333
324.9881287,90.8060286
368.3708801,103.8705637
409.7658081,114.9923288
454.4696045,126.4831947
495.7077026,137.0968806
526.2052002,144.4769428
550.1821289,151.0544314
580.0070801,155.5839918
623.1890259,160.9840315
622.0719604,166.4297801
648.3150024,171.8811556
651.6984253,173.4112511
633.5667114,175.5249157
640.7769165,175.7770652
625.99646,175.9987607
623.4272461,174.815995
619.2263184,175.7014557
610.3490601,176.3999528
574.5921021,170.7678264
542.2463379,164.4946558
527.2849121,159.4240596
514.6740723,155.4863037
466.1977844,144.2812612
421.892395,135.0488254
371.0693359,124.5430546
333.5231934,115.0006165
292.7759094,100.8885155
245.8005371,76.36449174
202.3008575,49.13988938
150.0693817,35.52033799
56.30183029,17.98166326
44.62166214,10.57675057
10.93912983,4.059050225
0,0.333137481
0,0.061399994
0,0.070537493
5.16829586,0.130712488
11.80820942,0.662550002
56.43200302,8.270537919
93.53864288,17.10230028
136.5883942,26.42861315
181.8424683,38.5140255
235.5124512,58.20958982
271.0871277,76.94042708
331.0874329,87.32993837
376.8457947,101.6240525
384.3580933,112.8499788
458.4651794,127.8526257
487.4611206,136.5894031
535.1868286,134.4127554
563.3944702,154.0751312
584.3585815,162.4207785
614.1384277,169.0141648
625.4400635,173.4105003
653.7576294,177.2336932
674.7802734,178.8589532
741.7312622,114.177142
701.3081665,190.9834435
644.2176514,183.2024063
651.1548462,179.2051829
666.1851196,174.5907656
630.473877,167.1491015
570.8046875,157.9910513
542.1378174,147.2671442
506.9541626,147.2565463
483.6491394,141.97934
450.9804688,134.5964631
416.3288879,129.1472884
375.0666504,118.1514158
335.5278931,106.9334651
273.6326599,90.4149666
228.3152924,68.86447613
184.6888733,44.61557643
134.8725281,31.81365011
87.10362244,22.23238839
46.57294464,12.41333772
14.66890717,4.128837662
0,0.220574989
0,0.07369999
0,0.074624975
9.348031044,0.222924993
25.3704834,4.009412669
78.4171524,14.07960064
126.9563599,25.10465056
179.1474609,36.33528877
231.5541077,52.75520195
280.9621582,80.28312643
331.3735046,103.9941162
378.8309937,119.4774168
427.8938904,132.4236171
469.8263855,143.3807713
510.6893005,152.7259034
550.9962158,161.1859677
585.038208,168.9356865
603.9240112,174.2446645
647.4997559,179.2197266
663.5977173,182.8683412
684.0341187,185.7785035
702.8233643,188.0013937
697.5675049,188.6752044
707.1247559,189.3272419
694.437439,189.4141806
686.6732788,188.4536121
688.0159302,188.337454
656.6798706,187.1292532
665.4372559,184.5937216
625.7467651,179.7332893
606.484436,174.4053607
572.3330078,168.0775934
531.9433594,160.8842668
494.1241455,152.7841666
447.2366028,145.3300685
404.0769043,135.6635402
356.9616089,123.1234923
301.7662354,106.7186154
252.1523438,78.63735463
198.5908356,50.00686406
150.9505615,34.74268923
100.3852539,25.57055107
53.85953903,15.47696273
18.17490196,4.444612674
